marketId,marketName,anchorLatitude,anchorLongitude,homes,strategy,note,updatedBy,updatedAt
atlanta,Atlanta,33.749,-84.388,2380,core,,,
austin,Austin,30.267,-97.743,409,core,,,
carolinas,Carolinas,35.227,-80.843,1575,core,,,
chicago,Chicago,41.878,-87.63,435,core,,,
dallas,Dallas,32.777,-96.797,1266,core,,,
denver,Denver,39.739,-104.99,910,core,,,
houston,Houston,29.76,-95.37,961,core,,,
jacksonville,Jacksonville,30.332,-81.656,928,core,,,
las-vegas,Las Vegas,36.17,-115.14,696,core,,,
minneapolis,Minneapolis,44.978,-93.265,443,core,,,
nashville,Nashville,36.163,-86.781,671,core,,,
northern-california,Northern California,38.582,-121.494,536,core,,,
orlando,Orlando,28.538,-81.379,1522,core,,,
phoenix,Phoenix,33.448,-112.074,1598,core,,,
salt-lake-city,Salt Lake City,40.761,-111.891,431,core,,,
san-antonio,San Antonio,29.424,-98.494,685,core,,,
seattle,Seattle,47.606,-122.332,644,core,,,
south-florida,South Florida,25.762,-80.192,1085,core,,,
southern-california,Southern California,34.052,-118.244,513,core,,,
tampa,Tampa,27.951,-82.457,2312,core,,,
