vendorId,vendorName,category,market,avgTurnaroundDays,onTimePct
VEN-0001,Optima Appliance,Appliance,atlanta,4.6,0.809
VEN-0002,Keystone Electrical,Electrical,atlanta,5.1,0.83
VEN-0003,Cardinal General,General,atlanta,2.5,0.641
VEN-0004,Quantum HVAC,HVAC,atlanta,8.1,0.933
VEN-0005,Heritage Landscaping,Landscaping,atlanta,2.6,0.846
VEN-0006,Optima Plumbing,Plumbing,atlanta,6.8,0.703
VEN-0007,Juniper Roof,Roof,atlanta,3.2,0.87
VEN-0008,Evergreen Appliance,Appliance,austin,6.9,0.654
VEN-0009,Apex Electrical,Electrical,austin,5.9,0.879
VEN-0010,Delta General,General,austin,4.8,0.908
VEN-0011,Evergreen HVAC,HVAC,austin,1.5,0.964
VEN-0012,Pinnacle Plumbing,Plumbing,austin,4.4,0.687
VEN-0013,Keystone Roof,Roof,austin,7.4,0.797
VEN-0014,Cardinal Appliance,Appliance,carolinas,7.2,0.85
VEN-0015,Apex Electrical,Electrical,carolinas,9.5,0.766
VEN-0016,Lone Star General,General,carolinas,8.3,0.64
VEN-0017,Juniper HVAC,HVAC,carolinas,6.7,0.685
VEN-0018,Keystone Landscaping,Landscaping,carolinas,4.2,0.741
VEN-0019,Keystone Plumbing,Plumbing,carolinas,3.1,0.663
VEN-0020,Cardinal Roof,Roof,carolinas,5.5,0.89
VEN-0021,Juniper Turn,Turn,carolinas,2.1,0.86
VEN-0022,Frontier Electrical,Electrical,chicago,2.0,0.668
VEN-0023,Delta General,General,chicago,8.3,0.766
VEN-0024,Northstar HVAC,HVAC,chicago,7.1,0.667
VEN-0025,Lone Star Landscaping,Landscaping,chicago,8.4,0.744
VEN-0026,Meridian Plumbing,Plumbing,chicago,2.0,0.782
VEN-0027,Juniper Roof,Roof,chicago,9.3,0.737
VEN-0028,Ironclad Turn,Turn,chicago,7.0,0.852
VEN-0029,Rampart Appliance,Appliance,dallas,7.2,0.635
VEN-0030,Frontier Electrical,Electrical,dallas,7.9,0.961
VEN-0031,Meridian General,General,dallas,3.5,0.949
VEN-0032,Quantum HVAC,HVAC,dallas,4.8,0.949
VEN-0033,Meridian Plumbing,Plumbing,dallas,4.7,0.74
VEN-0034,Evergreen Roof,Roof,dallas,5.6,0.669
VEN-0035,Optima Turn,Turn,dallas,6.9,0.897
VEN-0036,Meridian Appliance,Appliance,denver,2.3,0.976
VEN-0037,Optima Electrical,Electrical,denver,2.9,0.72
VEN-0038,Meridian General,General,denver,6.1,0.751
VEN-0039,Ironclad HVAC,HVAC,denver,3.4,0.722
VEN-0040,Quantum Landscaping,Landscaping,denver,7.5,0.974
VEN-0041,Quantum Plumbing,Plumbing,denver,4.2,0.945
VEN-0042,Lone Star Roof,Roof,denver,9.5,0.663
VEN-0043,Frontier Turn,Turn,denver,7.2,0.651
VEN-0044,Frontier Appliance,Appliance,houston,1.9,0.744
VEN-0045,Rampart Electrical,Electrical,houston,6.3,0.702
VEN-0046,Delta General,General,houston,7.5,0.917
VEN-0047,Optima HVAC,HVAC,houston,7.4,0.886
VEN-0048,Juniper Landscaping,Landscaping,houston,7.6,0.949
VEN-0049,Frontier Plumbing,Plumbing,houston,5.6,0.658
VEN-0050,Delta Roof,Roof,houston,2.5,0.897
VEN-0051,Frontier Electrical,Electrical,jacksonville,2.1,0.773
VEN-0052,Cardinal General,General,jacksonville,1.7,0.824
VEN-0053,Juniper HVAC,HVAC,jacksonville,3.2,0.976
VEN-0054,Blue Ridge Landscaping,Landscaping,jacksonville,6.6,0.673
VEN-0055,Frontier Plumbing,Plumbing,jacksonville,8.9,0.816
VEN-0056,Meridian Roof,Roof,jacksonville,2.0,0.701
VEN-0057,Ironclad Turn,Turn,jacksonville,9.0,0.805
VEN-0058,Optima Appliance,Appliance,las-vegas,6.7,0.858
VEN-0059,Meridian Electrical,Electrical,las-vegas,2.5,0.771
VEN-0060,Frontier General,General,las-vegas,6.6,0.735
VEN-0061,Gulfstream HVAC,HVAC,las-vegas,8.4,0.697
VEN-0062,Lone Star Landscaping,Landscaping,las-vegas,7.5,0.863
VEN-0063,Keystone Roof,Roof,las-vegas,5.6,0.78
VEN-0064,Delta Turn,Turn,las-vegas,7.5,0.788
VEN-0065,Optima HVAC,HVAC,minneapolis,8.4,0.645
VEN-0066,Quantum Landscaping,Landscaping,minneapolis,2.9,0.691
VEN-0067,Juniper Roof,Roof,minneapolis,5.5,0.855
VEN-0068,Lone Star Turn,Turn,minneapolis,8.8,0.824
VEN-0069,Cardinal Appliance,Appliance,nashville,5.5,0.821
VEN-0070,Northstar Electrical,Electrical,nashville,5.1,0.907
VEN-0071,Blue Ridge General,General,nashville,5.9,0.969
VEN-0072,Blue Ridge Plumbing,Plumbing,nashville,7.8,0.867
VEN-0073,Gulfstream Roof,Roof,nashville,2.2,0.671
VEN-0074,Optima Turn,Turn,nashville,3.7,0.92
VEN-0075,Frontier Appliance,Appliance,northern-california,3.1,0.743
VEN-0076,Delta Electrical,Electrical,northern-california,3.5,0.951
VEN-0077,Apex General,General,northern-california,4.7,0.685
VEN-0078,Quantum Landscaping,Landscaping,northern-california,2.6,0.926
VEN-0079,Apex Plumbing,Plumbing,northern-california,9.3,0.953
VEN-0080,Optima Roof,Roof,northern-california,2.2,0.973
VEN-0081,Meridian Appliance,Appliance,orlando,4.9,0.951
VEN-0082,Ironclad Electrical,Electrical,orlando,2.6,0.86
VEN-0083,Lone Star General,General,orlando,9.2,0.818
VEN-0084,Meridian HVAC,HVAC,orlando,3.8,0.647
VEN-0085,Juniper Landscaping,Landscaping,orlando,9.0,0.644
VEN-0086,Quantum Plumbing,Plumbing,orlando,5.0,0.66
VEN-0087,Juniper Roof,Roof,orlando,3.8,0.73
VEN-0088,Quantum Turn,Turn,orlando,7.3,0.964
VEN-0089,Northstar Appliance,Appliance,phoenix,1.3,0.965
VEN-0090,Apex HVAC,HVAC,phoenix,2.0,0.713
VEN-0091,Optima Landscaping,Landscaping,phoenix,5.7,0.946
VEN-0092,Cardinal Plumbing,Plumbing,phoenix,6.2,0.878
VEN-0093,Pinnacle Turn,Turn,phoenix,3.4,0.749
VEN-0094,Meridian Appliance,Appliance,salt-lake-city,4.8,0.953
VEN-0095,Rampart Electrical,Electrical,salt-lake-city,2.4,0.804
VEN-0096,Rampart General,General,salt-lake-city,5.7,0.979
VEN-0097,Quantum HVAC,HVAC,salt-lake-city,8.7,0.821
VEN-0098,Lone Star Landscaping,Landscaping,salt-lake-city,8.7,0.739
VEN-0099,Ironclad Plumbing,Plumbing,salt-lake-city,1.4,0.703
VEN-0100,Apex Roof,Roof,salt-lake-city,7.1,0.803
VEN-0101,Keystone Turn,Turn,salt-lake-city,2.5,0.843
VEN-0102,Ironclad Appliance,Appliance,san-antonio,2.6,0.796
VEN-0103,Optima General,General,san-antonio,4.4,0.628
VEN-0104,Evergreen HVAC,HVAC,san-antonio,8.7,0.909
VEN-0105,Lone Star Landscaping,Landscaping,san-antonio,2.4,0.787
VEN-0106,Cardinal Plumbing,Plumbing,san-antonio,6.6,0.803
VEN-0107,Gulfstream Roof,Roof,san-antonio,5.5,0.884
VEN-0108,Meridian Turn,Turn,san-antonio,4.7,0.865
VEN-0109,Keystone Appliance,Appliance,seattle,9.2,0.91
VEN-0110,Rampart Electrical,Electrical,seattle,9.1,0.753
VEN-0111,Ironclad General,General,seattle,6.6,0.698
VEN-0112,Delta HVAC,HVAC,seattle,2.8,0.645
VEN-0113,Delta Landscaping,Landscaping,seattle,2.4,0.623
VEN-0114,Evergreen Plumbing,Plumbing,seattle,4.2,0.644
VEN-0115,Cardinal Roof,Roof,seattle,8.4,0.637
VEN-0116,Pinnacle Turn,Turn,seattle,3.1,0.883
VEN-0117,Northstar Appliance,Appliance,south-florida,1.7,0.765
VEN-0118,Keystone Electrical,Electrical,south-florida,3.9,0.808
VEN-0119,Juniper General,General,south-florida,7.6,0.709
VEN-0120,Ironclad HVAC,HVAC,south-florida,2.0,0.847
VEN-0121,Gulfstream Landscaping,Landscaping,south-florida,8.5,0.881
VEN-0122,Optima Plumbing,Plumbing,south-florida,8.0,0.821
VEN-0123,Quantum Roof,Roof,south-florida,8.8,0.641
VEN-0124,Meridian Turn,Turn,south-florida,9.1,0.816
VEN-0125,Blue Ridge Appliance,Appliance,southern-california,4.4,0.654
VEN-0126,Frontier Electrical,Electrical,southern-california,8.3,0.671
VEN-0127,Heritage General,General,southern-california,3.1,0.69
VEN-0128,Cardinal HVAC,HVAC,southern-california,4.0,0.653
VEN-0129,Keystone Landscaping,Landscaping,southern-california,2.3,0.627
VEN-0130,Frontier Plumbing,Plumbing,southern-california,2.9,0.9
VEN-0131,Quantum Roof,Roof,southern-california,2.5,0.79
VEN-0132,Quantum Appliance,Appliance,tampa,2.8,0.703
VEN-0133,Frontier Electrical,Electrical,tampa,8.4,0.791
VEN-0134,Pinnacle General,General,tampa,6.4,0.96
VEN-0135,Gulfstream Landscaping,Landscaping,tampa,3.2,0.738
VEN-0136,Heritage Roof,Roof,tampa,2.5,0.874
VEN-0137,Cardinal Turn,Turn,tampa,2.3,0.746
